Project,TotalBugs,ExecutableBugs,DetectedBugs,AllBugFDR,ExecutableBugFDR,DeveloperLineCoverage,UTBotLineCoverage,CombinedLineCoverage,LineCoverageGain,DeveloperConditionCoverage,UTBotConditionCoverage,CombinedConditionCoverage,ConditionCoverageGain
Chart,26,1,0,0.00,0.00,100.00,100.00,100.00,0.00,N/A,N/A,N/A,N/A
Cli,39,4,1,2.56,25.00,95.54,71.43,96.43,0.89,98.28,68.97,100.00,1.72
Closure,174,6,0,0.00,0.00,91.90,5.56,91.90,0.00,85.10,8.02,85.10,0.00
Codec,18,4,2,11.11,50.00,95.84,95.01,99.17,3.32,88.02,94.27,98.44,10.42
Collections,28,0,0,0.00,N/A,N/A,N/A,N/A,N/A,N/A,N/A,N/A,N/A
Compress,47,8,1,2.13,12.50,85.73,63.53,88.21,2.48,88.98,63.82,91.77,2.80
Csv,16,0,0,0.00,N/A,N/A,N/A,N/A,N/A,N/A,N/A,N/A,N/A
Gson,18,5,0,0.00,0.00,86.92,23.28,89.89,2.96,82.46,6.05,85.59,3.13
JacksonCore,26,0,0,0.00,N/A,N/A,N/A,N/A,N/A,N/A,N/A,N/A,N/A
JacksonDatabind,110,3,0,0.00,0.00,86.17,14.79,86.17,0.00,76.54,4.94,76.54,0.00
JacksonXml,6,0,0,0.00,N/A,N/A,N/A,N/A,N/A,N/A,N/A,N/A,N/A
Jsoup,93,8,0,0.00,0.00,71.53,9.01,71.82,0.29,63.67,2.77,63.98,0.31
JxPath,22,1,0,0.00,0.00,100.00,71.43,100.00,0.00,87.50,0.00,87.50,0.00
Lang,61,15,1,1.64,6.67,96.66,66.93,97.52,0.85,87.46,61.20,90.09,2.63
Math,106,68,2,1.89,2.94,89.49,63.93,94.81,5.32,84.54,55.18,91.10,6.56
Mockito,38,5,0,0.00,0.00,94.79,43.75,94.79,0.00,92.59,29.63,92.59,0.00
Time,26,11,0,0.00,0.00,89.38,N/A,89.38,0.00,81.22,N/A,81.22,0.00
