project,total_bugs,n_compiled,pct_compiled,n_killed,fdr_all,fdr_compiled,n_errored,avg_line_coverage,avg_condition_coverage
Chart,28,16,57.14285714285714,2,7.142857142857142,12.5,12,79.23125,67.2625
Cli,51,34,66.66666666666666,0,0.0,0.0,17,95.82352941176471,91.85
Closure,225,30,13.333333333333334,0,0.0,0.0,195,82.17,69.57666666666667
Codec,24,21,87.5,1,4.166666666666666,4.761904761904762,3,93.96666666666667,86.22380952380952
Collections,28,18,64.28571428571429,2,7.142857142857142,11.11111111111111,10,93.53333333333333,90.47777777777777
Compress,58,31,53.44827586206896,0,0.0,0.0,27,87.55483870967741,83.1483870967742
Csv,17,8,47.05882352941176,0,0.0,0.0,9,97.8,92.2
Gson,21,10,47.61904761904761,0,0.0,0.0,12,89.64444444444445,83.2
JacksonCore,35,11,31.428571428571427,0,0.0,0.0,24,86.46363636363637,77.74545454545455
JacksonDatabind,157,31,19.745222929936308,1,0.6369426751592357,3.225806451612903,126,88.1741935483871,83.64516129032258
JacksonXml,6,1,16.666666666666664,0,0.0,0.0,5,74.8,63.8
Jsoup,125,38,30.4,0,0.0,0.0,90,91.32777777777778,85.66666666666667
JxPath,35,6,17.142857142857142,1,2.857142857142857,16.666666666666664,29,92.56666666666666,86.15
Lang,61,24,39.34426229508197,3,4.918032786885246,12.5,37,94.87083333333334,90.37916666666666
Math,119,77,64.70588235294117,8,6.722689075630252,10.38961038961039,43,94.74415584415584,90.36363636363636
Mockito,46,21,45.65217391304348,1,2.1739130434782608,4.761904761904762,27,99.0904761904762,95.30952380952381
Time,31,18,58.06451612903226,1,3.225806451612903,5.555555555555555,13,88.53333333333333,80.57222222222222
TOTAL,1067,395,37.019681349578256,20,1.874414245548266,5.063291139240507,679,91.32729591836734,85.41198979591837
