project,bug_id,class_name,compiled,coverage,kills_bug,buggy_failing,fixed_failing,error,test_file,prompt_chars
Lang,28,org.apache.commons.lang3.text.translate.NumericEntityUnescaper,True,"['     Lines covered: 20', '  Conditions total: 14', 'Conditions covered: 14', '     Line coverage: 100.0%', 'Condition coverage: 100.0%']",False,0,,,work/Lang_28/src/test/java/org/apache/commons/lang3/text/translate/NumericEntityUnescaperTest.java,3889
Lang,29,org.apache.commons.lang3.SystemUtils,True,"['     Lines covered: 132', '  Conditions total: 50', 'Conditions covered: 37', '     Line coverage: 93.6%', 'Condition coverage: 74.0%']",False,2,1,,work/Lang_29/src/test/java/org/apache/commons/lang3/SystemUtilsTest.java,61724
Lang,30,org.apache.commons.lang3.StringUtils,False,,,,,compile failed (buggy): Command failed: defects4j compile -w work/Lang_30,work/Lang_30/src/test/java/org/apache/commons/lang3/StringUtilsTest.java,246036
Lang,31,org.apache.commons.lang3.StringUtils,False,,,,,compile failed (buggy): Command failed: defects4j compile -w work/Lang_31,work/Lang_31/src/test/java/org/apache/commons/lang3/StringUtilsTest.java,245009
Lang,32,org.apache.commons.lang3.builder.HashCodeBuilder,True,"['     Lines covered: 129', '  Conditions total: 86', 'Conditions covered: 72', '     Line coverage: 88.4%', 'Condition coverage: 83.7%']",False,0,,,work/Lang_32/src/test/java/org/apache/commons/lang3/builder/HashCodeBuilderTest.java,34474
Lang,33,org.apache.commons.lang3.ClassUtils,False,,,,,compile failed (buggy): Command failed: defects4j compile -w work/Lang_33,work/Lang_33/src/test/java/org/apache/commons/lang3/ClassUtilsTest.java,44028
Lang,34,org.apache.commons.lang3.builder.ToStringStyle,False,,,,,compile failed (buggy): Command failed: defects4j compile -w work/Lang_34,work/Lang_34/src/test/java/org/apache/commons/lang3/builder/ToStringStyleTest.java,76767
Lang,35,org.apache.commons.lang3.ArrayUtils,False,,,,,compile failed (buggy): Command failed: defects4j compile -w work/Lang_35,work/Lang_35/src/test/java/org/apache/commons/lang3/ArrayUtilsTest.java,181876
Lang,36,org.apache.commons.lang3.math.NumberUtils,True,"['     Lines covered: 333', '  Conditions total: 344', 'Conditions covered: 255', '     Line coverage: 90.0%', 'Condition coverage: 74.1%']",False,2,2,,work/Lang_36/src/test/org/apache/commons/lang3/math/NumberUtilsTest.java,48830
Lang,37,org.apache.commons.lang3.ArrayUtils,False,,,,,compile failed (buggy): Command failed: defects4j compile -w work/Lang_37,work/Lang_37/src/test/org/apache/commons/lang3/ArrayUtilsTest.java,178579
Lang,38,org.apache.commons.lang3.time.FastDateFormat,False,,,,,compile failed (buggy): Command failed: defects4j compile -w work/Lang_38,work/Lang_38/src/test/org/apache/commons/lang3/time/FastDateFormatTest.java,58416
Lang,39,org.apache.commons.lang3.StringUtils,False,,,,,compile failed (buggy): Command failed: defects4j compile -w work/Lang_39,work/Lang_39/src/test/org/apache/commons/lang3/StringUtilsTest.java,231333
Lang,40,org.apache.commons.lang.StringUtils,False,,,,,compile failed (buggy): Command failed: defects4j compile -w work/Lang_40,work/Lang_40/src/test/org/apache/commons/lang/StringUtilsTest.java,227995
Lang,41,org.apache.commons.lang.ClassUtils,False,,,,,compile failed (buggy): Command failed: defects4j compile -w work/Lang_41,work/Lang_41/src/test/org/apache/commons/lang/ClassUtilsTest.java,42234
Lang,42,org.apache.commons.lang.Entities,False,,,,,compile failed (buggy): Command failed: defects4j compile -w work/Lang_42,work/Lang_42/src/test/org/apache/commons/lang/EntitiesTest.java,42074
Lang,43,org.apache.commons.lang.text.ExtendedMessageFormat,False,,,,,compile failed (buggy): Command failed: defects4j compile -w work/Lang_43,work/Lang_43/src/test/org/apache/commons/lang/text/ExtendedMessageFormatTest.java,18437
Lang,44,org.apache.commons.lang.NumberUtils,False,,,,,compile failed (buggy): Command failed: defects4j compile -w work/Lang_44,work/Lang_44/src/test/org/apache/commons/lang/NumberUtilsTest.java,25588
Lang,45,org.apache.commons.lang.WordUtils,False,,,,,compile failed (buggy): Command failed: defects4j compile -w work/Lang_45,work/Lang_45/src/test/org/apache/commons/lang/WordUtilsTest.java,26816
Lang,46,org.apache.commons.lang.StringEscapeUtils,False,,,,,compile failed (buggy): Command failed: defects4j compile -w work/Lang_46,work/Lang_46/src/test/org/apache/commons/lang/StringEscapeUtilsTest.java,34698
Lang,47,org.apache.commons.lang.text.StrBuilder,False,,,,,compile failed (buggy): Command failed: defects4j compile -w work/Lang_47,work/Lang_47/src/test/org/apache/commons/lang/text/StrBuilderTest.java,93384
Lang,49,org.apache.commons.lang.math.Fraction,False,,,,,compile failed (buggy): Command failed: defects4j compile -w work/Lang_49,work/Lang_49/src/test/org/apache/commons/lang/math/FractionTest.java,36020
Lang,50,org.apache.commons.lang.time.FastDateFormat,False,,,,,compile failed (buggy): Command failed: defects4j compile -w work/Lang_50,work/Lang_50/src/test/org/apache/commons/lang/time/FastDateFormatTest.java,58077
Lang,51,org.apache.commons.lang.BooleanUtils,False,,,,,compile failed (buggy): Command failed: defects4j compile -w work/Lang_51,work/Lang_51/src/test/org/apache/commons/lang/BooleanUtilsTest.java,37768
Lang,52,org.apache.commons.lang.StringEscapeUtils,False,,,,,compile failed (buggy): Command failed: defects4j compile -w work/Lang_52,work/Lang_52/src/test/org/apache/commons/lang/StringEscapeUtilsTest.java,27883
Lang,53,org.apache.commons.lang.time.DateUtils,False,,,,,compile failed (buggy): Command failed: defects4j compile -w work/Lang_53,work/Lang_53/src/test/org/apache/commons/lang/time/DateUtilsTest.java,40789
Lang,54,org.apache.commons.lang.LocaleUtils,False,,,,,compile failed (buggy): Command failed: defects4j compile -w work/Lang_54,work/Lang_54/src/test/org/apache/commons/lang/LocaleUtilsTest.java,12932
Lang,55,org.apache.commons.lang.time.StopWatch,False,,,,,compile failed (buggy): Command failed: defects4j compile -w work/Lang_55,work/Lang_55/src/test/org/apache/commons/lang/time/StopWatchTest.java,10449
Lang,56,org.apache.commons.lang.time.FastDateFormat,False,,,,,compile failed (buggy): Command failed: defects4j compile -w work/Lang_56,work/Lang_56/src/test/org/apache/commons/lang/time/FastDateFormatTest.java,57574
Lang,57,org.apache.commons.lang.LocaleUtils,False,,,,,compile failed (buggy): Command failed: defects4j compile -w work/Lang_57,work/Lang_57/src/test/org/apache/commons/lang/LocaleUtilsTest.java,12930
Lang,58,org.apache.commons.lang.math.NumberUtils,False,,,,,compile failed (buggy): Command failed: defects4j compile -w work/Lang_58,work/Lang_58/src/test/org/apache/commons/lang/math/NumberUtilsTest.java,54520
Lang,59,org.apache.commons.lang.text.StrBuilder,False,,,,,compile failed (buggy): Command failed: defects4j compile -w work/Lang_59,work/Lang_59/src/test/org/apache/commons/lang/text/StrBuilderTest.java,82188
Lang,60,org.apache.commons.lang.text.StrBuilder,False,,,,,compile failed (buggy): Command failed: defects4j compile -w work/Lang_60,work/Lang_60/src/test/org/apache/commons/lang/text/StrBuilderTest.java,82203
Lang,61,org.apache.commons.lang.text.StrBuilder,False,,,,,compile failed (buggy): Command failed: defects4j compile -w work/Lang_61,work/Lang_61/src/test/org/apache/commons/lang/text/StrBuilderTest.java,82209
Lang,62,org.apache.commons.lang.Entities,False,,,,,compile failed (buggy): Command failed: defects4j compile -w work/Lang_62,work/Lang_62/src/test/org/apache/commons/lang/EntitiesTest.java,41648
Lang,63,org.apache.commons.lang.time.DurationFormatUtils,False,,,,,compile failed (buggy): Command failed: defects4j compile -w work/Lang_63,work/Lang_63/src/test/org/apache/commons/lang/time/DurationFormatUtilsTest.java,25928
Lang,64,org.apache.commons.lang.enums.ValuedEnum,False,,,,,compile failed (buggy): Command failed: defects4j compile -w work/Lang_64,work/Lang_64/src/test/org/apache/commons/lang/enums/ValuedEnumTest.java,8526
Lang,65,org.apache.commons.lang.time.DateUtils,False,,,,,compile failed (buggy): Command failed: defects4j compile -w work/Lang_65,work/Lang_65/src/test/org/apache/commons/lang/time/DateUtilsTest.java,39670
Math,1,org.apache.commons.math3.fraction.BigFraction,False,,,,,compile failed (buggy): Command failed: defects4j compile -w work/Math_1,work/Math_1/src/test/java/org/apache/commons/math3/fraction/BigFractionTest.java,39664
Math,1,org.apache.commons.math3.fraction.Fraction,False,,,,,compile failed (buggy): Command failed: defects4j compile -w work/Math_1,work/Math_1/src/test/java/org/apache/commons/math3/fraction/FractionTest.java,24808
Math,10,org.apache.commons.math3.analysis.differentiation.DSCompiler,False,,,,,compile failed (buggy): Command failed: defects4j compile -w work/Math_10,work/Math_10/src/test/java/org/apache/commons/math3/analysis/differentiation/DSCompilerTest.java,76756
Math,100,org.apache.commons.math.estimation.AbstractEstimator,False,,,,,compile failed (buggy): Command failed: defects4j compile -w work/Math_100,work/Math_100/src/test/org/apache/commons/math/estimation/AbstractEstimatorTest.java,11496
Math,101,org.apache.commons.math.complex.ComplexFormat,True,"['     Lines covered: 143', '  Conditions total: 52', 'Conditions covered: 51', '     Line coverage: 100.0%', 'Condition coverage: 98.1%']",False,0,,,work/Math_101/src/test/org/apache/commons/math/complex/ComplexFormatTest.java,20290
Math,102,org.apache.commons.math.stat.inference.ChiSquareTestImpl,True,"['     Lines covered: 110', '  Conditions total: 86', 'Conditions covered: 82', '     Line coverage: 99.1%', 'Condition coverage: 95.3%']",False,0,,,work/Math_102/src/test/org/apache/commons/math/stat/inference/ChiSquareTestImplTest.java,16617
Math,103,org.apache.commons.math.distribution.NormalDistributionImpl,True,"['     Lines covered: 37', '  Conditions total: 14', 'Conditions covered: 14', '     Line coverage: 100.0%', 'Condition coverage: 100.0%']",True,1,0,,work/Math_103/src/test/org/apache/commons/math/distribution/NormalDistributionImplTest.java,7616
Math,104,org.apache.commons.math.special.Gamma,True,"['     Lines covered: 45', '  Conditions total: 40', 'Conditions covered: 40', '     Line coverage: 95.7%', 'Condition coverage: 100.0%']",False,0,,,work/Math_104/src/test/org/apache/commons/math/special/GammaTest.java,10424
Math,105,org.apache.commons.math.stat.regression.SimpleRegression,True,"['     Lines covered: 69', '  Conditions total: 18', 'Conditions covered: 18', '     Line coverage: 97.2%', 'Condition coverage: 100.0%']",False,1,1,,work/Math_105/src/test/org/apache/commons/math/stat/regression/SimpleRegressionTest.java,19537
Math,106,org.apache.commons.math.fraction.ProperFractionFormat,True,"['     Lines covered: 56', '  Conditions total: 15', 'Conditions covered: 14', '     Line coverage: 98.2%', 'Condition coverage: 93.3%']",False,1,1,,work/Math_106/src/test/org/apache/commons/math/fraction/ProperFractionFormatTest.java,8481
Math,11,org.apache.commons.math3.distribution.MultivariateNormalDistribution,True,"['     Lines covered: 59', '  Conditions total: 28', 'Conditions covered: 28', '     Line coverage: 100.0%', 'Condition coverage: 100.0%']",False,1,1,,work/Math_11/src/test/java/org/apache/commons/math3/distribution/MultivariateNormalDistributionTest.java,10126
Math,12,org.apache.commons.math3.random.BitsStreamGenerator,True,"['     Lines covered: 19', '  Conditions total: 14', 'Conditions covered: 2', '     Line coverage: 39.6%', 'Condition coverage: 14.3%']",False,1,1,,work/Math_12/src/test/java/org/apache/commons/math3/random/BitsStreamGeneratorTest.java,6548
Math,13,org.apache.commons.math3.optimization.general.AbstractLeastSquaresOptimizer,False,,,,,compile failed (buggy): Command failed: defects4j compile -w work/Math_13,work/Math_13/src/test/java/org/apache/commons/math3/optimization/general/AbstractLeastSquaresOptimizerTest.java,24412
Math,14,org.apache.commons.math3.optim.nonlinear.vector.jacobian.AbstractLeastSquaresOptimizer,False,,,,,compile failed (buggy): Command failed: defects4j compile -w work/Math_14,work/Math_14/src/test/java/org/apache/commons/math3/optim/nonlinear/vector/jacobian/AbstractLeastSquaresOptimizerTest.java,11558
Math,14,org.apache.commons.math3.optim.nonlinear.vector.Weight,False,,,,,compile failed (buggy): Command failed: defects4j compile -w work/Math_14,work/Math_14/src/test/java/org/apache/commons/math3/optim/nonlinear/vector/WeightTest.java,3510
Math,15,org.apache.commons.math3.util.FastMath,True,"['     Lines covered: 1419', '  Conditions total: 798', 'Conditions covered: 712', '     Line coverage: 94.8%', 'Condition coverage: 89.2%']",False,4,4,,work/Math_15/src/test/java/org/apache/commons/math3/util/FastMathTest.java,122366
Math,16,org.apache.commons.math3.util.FastMath,False,,,,,compile failed (buggy): Command failed: defects4j compile -w work/Math_16,work/Math_16/src/test/java/org/apache/commons/math3/util/FastMathTest.java,121639
Math,17,org.apache.commons.math3.dfp.Dfp,True,"['     Lines covered: 843', '  Conditions total: 738', 'Conditions covered: 559', '     Line coverage: 81.9%', 'Condition coverage: 75.7%']",False,1,1,,work/Math_17/src/test/java/org/apache/commons/math3/dfp/DfpTest.java,77719
Math,18,org.apache.commons.math3.optimization.direct.CMAESOptimizer,True,"['     Lines covered: 470', '  Conditions total: 276', 'Conditions covered: 228', '     Line coverage: 92.2%', 'Condition coverage: 82.6%']",False,1,1,,work/Math_18/src/test/java/org/apache/commons/math3/optimization/direct/CMAESOptimizerTest.java,56112
Math,19,org.apache.commons.math3.optimization.direct.CMAESOptimizer,True,"['     Lines covered: 423', '  Conditions total: 272', 'Conditions covered: 197', '     Line coverage: 84.4%', 'Condition coverage: 72.4%']",False,2,2,,work/Math_19/src/test/java/org/apache/commons/math3/optimization/direct/CMAESOptimizerTest.java,55399
Math,2,org.apache.commons.math3.distribution.HypergeometricDistribution,False,,,,,compile failed (buggy): Command failed: defects4j compile -w work/Math_2,work/Math_2/src/test/java/org/apache/commons/math3/distribution/HypergeometricDistributionTest.java,12973
Math,20,org.apache.commons.math3.optimization.direct.CMAESOptimizer,True,"['     Lines covered: 455', '  Conditions total: 268', 'Conditions covered: 219', '     Line coverage: 91.0%', 'Condition coverage: 81.7%']",False,0,,,work/Math_20/src/test/java/org/apache/commons/math3/optimization/direct/CMAESOptimizerTest.java,54854
Math,21,org.apache.commons.math3.linear.RectangularCholeskyDecomposition,True,"['     Lines covered: 52', '  Conditions total: 28', 'Conditions covered: 28', '     Line coverage: 100.0%', 'Condition coverage: 100.0%']",False,1,1,,work/Math_21/src/test/java/org/apache/commons/math3/linear/RectangularCholeskyDecompositionTest.java,7814
Math,22,org.apache.commons.math3.distribution.FDistribution,True,"['     Lines covered: 86', '  Conditions total: 22', 'Conditions covered: 22', '     Line coverage: 100.0%', 'Condition coverage: 100.0%']",False,0,,,work/Math_22/src/test/java/org/apache/commons/math3/distribution/FDistributionTest.java,11199
Math,22,org.apache.commons.math3.distribution.UniformRealDistribution,True,"['     Lines covered: 86', '  Conditions total: 22', 'Conditions covered: 22', '     Line coverage: 100.0%', 'Condition coverage: 100.0%']",False,0,,,work/Math_22/src/test/java/org/apache/commons/math3/distribution/UniformRealDistributionTest.java,7502
Math,23,org.apache.commons.math3.optimization.univariate.BrentOptimizer,False,,,,,compile failed (buggy): Command failed: defects4j compile -w work/Math_23,work/Math_23/src/test/java/org/apache/commons/math3/optimization/univariate/BrentOptimizerTest.java,11839
Math,24,org.apache.commons.math3.optimization.univariate.BrentOptimizer,False,,,,,compile failed (buggy): Command failed: defects4j compile -w work/Math_24,work/Math_24/src/test/java/org/apache/commons/math3/optimization/univariate/BrentOptimizerTest.java,11350
Math,25,org.apache.commons.math3.optimization.fitting.HarmonicFitter,False,,,,,compile failed (buggy): Command failed: defects4j compile -w work/Math_25,work/Math_25/src/test/java/org/apache/commons/math3/optimization/fitting/HarmonicFitterTest.java,16505
Math,26,org.apache.commons.math3.fraction.Fraction,True,"['     Lines covered: 174', '  Conditions total: 94', 'Conditions covered: 85', '     Line coverage: 95.1%', 'Condition coverage: 90.4%']",False,2,2,,work/Math_26/src/test/java/org/apache/commons/math3/fraction/FractionTest.java,24469
Math,27,org.apache.commons.math3.fraction.Fraction,True,"['     Lines covered: 170', '  Conditions total: 94', 'Conditions covered: 83', '     Line coverage: 92.9%', 'Condition coverage: 88.3%']",False,0,,,work/Math_27/src/test/java/org/apache/commons/math3/fraction/FractionTest.java,24477
Math,28,org.apache.commons.math3.optimization.linear.SimplexSolver,True,"['     Lines covered: 75', '  Conditions total: 48', 'Conditions covered: 43', '     Line coverage: 94.9%', 'Condition coverage: 89.6%']",False,0,,,work/Math_28/src/test/java/org/apache/commons/math3/optimization/linear/SimplexSolverTest.java,10501
Math,29,org.apache.commons.math3.linear.OpenMapRealVector,True,"['     Lines covered: 321', '  Conditions total: 134', 'Conditions covered: 129', '     Line coverage: 100.0%', 'Condition coverage: 96.3%']",False,2,2,,work/Math_29/src/test/java/org/apache/commons/math3/linear/OpenMapRealVectorTest.java,26912
Math,3,org.apache.commons.math3.util.MathArrays,True,"['     Lines covered: 403', '  Conditions total: 234', 'Conditions covered: 205', '     Line coverage: 95.7%', 'Condition coverage: 87.6%']",False,2,2,,work/Math_3/src/test/java/org/apache/commons/math3/util/MathArraysTest.java,56323
Math,30,org.apache.commons.math3.stat.inference.MannWhitneyUTest,False,,,,,compile failed (buggy): Command failed: defects4j compile -w work/Math_30,work/Math_30/src/test/java/org/apache/commons/math3/stat/inference/MannWhitneyUTestTest.java,9920
Math,31,org.apache.commons.math3.util.ContinuedFraction,False,,,,,compile failed (buggy): Command failed: defects4j compile -w work/Math_31,work/Math_31/src/test/java/org/apache/commons/math3/util/ContinuedFractionTest.java,8484
Math,32,org.apache.commons.math3.geometry.euclidean.twod.PolygonsSet,False,,,,,compile failed (buggy): Command failed: defects4j compile -w work/Math_32,work/Math_32/src/test/java/org/apache/commons/math3/geometry/euclidean/twod/PolygonsSetTest.java,21056
Math,33,org.apache.commons.math3.optimization.linear.SimplexTableau,True,"['     Lines covered: 178', '  Conditions total: 124', 'Conditions covered: 115', '     Line coverage: 96.2%', 'Condition coverage: 92.7%']",False,2,2,,work/Math_33/src/test/java/org/apache/commons/math3/optimization/linear/SimplexTableauTest.java,24093
Math,34,org.apache.commons.math3.genetics.ListPopulation,False,,,,,compile failed (buggy): Command failed: defects4j compile -w work/Math_34,work/Math_34/src/test/java/org/apache/commons/math3/genetics/ListPopulationTest.java,9386
Math,35,org.apache.commons.math3.genetics.ElitisticListPopulation,True,"['     Lines covered: 19', '  Conditions total: 6', 'Conditions covered: 6', '     Line coverage: 100.0%', 'Condition coverage: 100.0%']",False,4,2,,work/Math_35/src/test/java/org/apache/commons/math3/genetics/ElitisticListPopulationTest.java,5535
Math,36,org.apache.commons.math.fraction.BigFraction,True,"['     Lines covered: 226', '  Conditions total: 92', 'Conditions covered: 89', '     Line coverage: 98.3%', 'Condition coverage: 96.7%']",False,3,3,,work/Math_36/src/test/java/org/apache/commons/math/fraction/BigFractionTest.java,38732
Math,37,org.apache.commons.math.complex.Complex,True,"['     Lines covered: 214', '  Conditions total: 158', 'Conditions covered: 140', '     Line coverage: 97.3%', 'Condition coverage: 88.6%']",False,1,1,,work/Math_37/src/test/java/org/apache/commons/math/complex/ComplexTest.java,42150
Math,38,org.apache.commons.math.optimization.direct.BOBYQAOptimizer,True,"['     Lines covered: 158', '  Conditions total: 624', 'Conditions covered: 60', '     Line coverage: 13.2%', 'Condition coverage: 9.6%']",True,3,0,,work/Math_38/src/test/java/org/apache/commons/math/optimization/direct/BOBYQAOptimizerTest.java,114929
Math,39,org.apache.commons.math.ode.nonstiff.EmbeddedRungeKuttaIntegrator,False,,,,,compile failed (buggy): Command failed: defects4j compile -w work/Math_39,work/Math_39/src/test/java/org/apache/commons/math/ode/nonstiff/EmbeddedRungeKuttaIntegratorTest.java,14439
Math,4,org.apache.commons.math3.geometry.euclidean.threed.SubLine,True,"['     Lines covered: 84', '  Conditions total: 44', 'Conditions covered: 41', '     Line coverage: 100.0%', 'Condition coverage: 93.2%']",False,2,1,,work/Math_4/src/test/java/org/apache/commons/math3/geometry/euclidean/threed/SubLineTest.java,7128
Math,4,org.apache.commons.math3.geometry.euclidean.twod.SubLine,True,"['     Lines covered: 84', '  Conditions total: 44', 'Conditions covered: 37', '     Line coverage: 100.0%', 'Condition coverage: 84.1%']",True,1,0,,work/Math_4/src/test/java/org/apache/commons/math3/geometry/euclidean/twod/SubLineTest.java,10761
Math,40,org.apache.commons.math.analysis.solvers.BracketingNthOrderBrentSolver,False,,,,,compile failed (buggy): Command failed: defects4j compile -w work/Math_40,work/Math_40/src/test/java/org/apache/commons/math/analysis/solvers/BracketingNthOrderBrentSolverTest.java,16029
Math,41,org.apache.commons.math.stat.descriptive.moment.Variance,True,"['     Lines covered: 107', '  Conditions total: 46', 'Conditions covered: 35', '     Line coverage: 95.5%', 'Condition coverage: 76.1%']",False,1,1,,work/Math_41/src/test/java/org/apache/commons/math/stat/descriptive/moment/VarianceTest.java,26083
Math,42,org.apache.commons.math.optimization.linear.SimplexTableau,True,"['     Lines covered: 176', '  Conditions total: 120', 'Conditions covered: 111', '     Line coverage: 96.2%', 'Condition coverage: 92.5%']",False,2,2,,work/Math_42/src/test/java/org/apache/commons/math/optimization/linear/SimplexTableauTest.java,24005
Math,43,org.apache.commons.math.stat.descriptive.SummaryStatistics,False,,,,,compile failed (buggy): Command failed: defects4j compile -w work/Math_43,work/Math_43/src/test/java/org/apache/commons/math/stat/descriptive/SummaryStatisticsTest.java,26539
Math,44,org.apache.commons.math.ode.AbstractIntegrator,False,,,,,compile failed (buggy): Command failed: defects4j compile -w work/Math_44,work/Math_44/src/test/java/org/apache/commons/math/ode/AbstractIntegratorTest.java,16519
Math,45,org.apache.commons.math.linear.OpenMapRealMatrix,True,"['     Lines covered: 97', '  Conditions total: 22', 'Conditions covered: 22', '     Line coverage: 100.0%', 'Condition coverage: 100.0%']",False,2,2,,work/Math_45/src/test/java/org/apache/commons/math/linear/OpenMapRealMatrixTest.java,10309
Math,46,org.apache.commons.math.complex.Complex,True,"['     Lines covered: 199', '  Conditions total: 148', 'Conditions covered: 135', '     Line coverage: 98.5%', 'Condition coverage: 91.2%']",False,0,,,work/Math_46/src/test/java/org/apache/commons/math/complex/ComplexTest.java,41267
Math,47,org.apache.commons.math.complex.Complex,False,,,,,compile failed (buggy): Command failed: defects4j compile -w work/Math_47,work/Math_47/src/test/java/org/apache/commons/math/complex/ComplexTest.java,41074
Math,48,org.apache.commons.math.analysis.solvers.BaseSecantSolver,True,"['     Lines covered: 70', '  Conditions total: 46', 'Conditions covered: 43', '     Line coverage: 95.9%', 'Condition coverage: 93.5%']",False,0,,,work/Math_48/src/test/java/org/apache/commons/math/analysis/solvers/BaseSecantSolverTest.java,11077
Math,49,org.apache.commons.math.linear.OpenMapRealVector,True,"['     Lines covered: 374', '  Conditions total: 152', 'Conditions covered: 143', '     Line coverage: 98.9%', 'Condition coverage: 94.1%']",False,1,1,,work/Math_49/src/test/java/org/apache/commons/math/linear/OpenMapRealVectorTest.java,29389
Math,5,org.apache.commons.math3.complex.Complex,True,"['     Lines covered: 221', '  Conditions total: 170', 'Conditions covered: 155', '     Line coverage: 97.8%', 'Condition coverage: 91.2%']",False,0,,,work/Math_5/src/test/java/org/apache/commons/math3/complex/ComplexTest.java,42559
Math,50,org.apache.commons.math.analysis.solvers.BaseSecantSolver,True,"['     Lines covered: 72', '  Conditions total: 48', 'Conditions covered: 45', '     Line coverage: 96.0%', 'Condition coverage: 93.8%']",False,0,,,work/Math_50/src/test/java/org/apache/commons/math/analysis/solvers/BaseSecantSolverTest.java,11090
Math,51,org.apache.commons.math.analysis.solvers.BaseSecantSolver,True,"['     Lines covered: 69', '  Conditions total: 45', 'Conditions covered: 43', '     Line coverage: 97.2%', 'Condition coverage: 95.6%']",False,0,,,work/Math_51/src/test/java/org/apache/commons/math/analysis/solvers/BaseSecantSolverTest.java,10863
Math,52,org.apache.commons.math.geometry.euclidean.threed.Rotation,False,,,,,compile failed (buggy): Command failed: defects4j compile -w work/Math_52,work/Math_52/src/test/java/org/apache/commons/math/geometry/euclidean/threed/RotationTest.java,42871
Math,53,org.apache.commons.math.complex.Complex,True,"['     Lines covered: 168', '  Conditions total: 114', 'Conditions covered: 105', '     Line coverage: 98.8%', 'Condition coverage: 92.1%']",False,0,,,work/Math_53/src/test/java/org/apache/commons/math/complex/ComplexTest.java,37367
Math,54,org.apache.commons.math.dfp.Dfp,False,,,,,compile failed (buggy): Command failed: defects4j compile -w work/Math_54,work/Math_54/src/test/java/org/apache/commons/math/dfp/DfpTest.java,74677
Math,55,org.apache.commons.math.geometry.Vector3D,True,"['     Lines covered: 100', '  Conditions total: 48', 'Conditions covered: 39', '     Line coverage: 86.2%', 'Condition coverage: 81.2%']",False,1,1,,work/Math_55/src/test/java/org/apache/commons/math/geometry/Vector3DTest.java,19454
Math,56,org.apache.commons.math.util.MultidimensionalCounter,True,"['     Lines covered: 74', '  Conditions total: 34', 'Conditions covered: 32', '     Line coverage: 98.7%', 'Condition coverage: 94.1%']",False,2,2,,work/Math_56/src/test/java/org/apache/commons/math/util/MultidimensionalCounterTest.java,9997
Math,57,org.apache.commons.math.stat.clustering.KMeansPlusPlusClusterer,True,"['     Lines covered: 63', '  Conditions total: 54', 'Conditions covered: 23', '     Line coverage: 52.5%', 'Condition coverage: 42.6%']",False,1,1,,work/Math_57/src/test/java/org/apache/commons/math/stat/clustering/KMeansPlusPlusClustererTest.java,13677
Math,58,org.apache.commons.math.optimization.fitting.GaussianFitter,True,"['     Lines covered: 58', '  Conditions total: 58', 'Conditions covered: 29', '     Line coverage: 60.4%', 'Condition coverage: 50.0%']",False,1,1,,work/Math_58/src/test/java/org/apache/commons/math/optimization/fitting/GaussianFitterTest.java,14703
Math,59,org.apache.commons.math.util.FastMath,True,"['     Lines covered: 1279', '  Conditions total: 652', 'Conditions covered: 381', '     Line coverage: 82.6%', 'Condition coverage: 58.4%']",True,1,0,,work/Math_59/src/test/java/org/apache/commons/math/util/FastMathTest.java,104620
Math,6,org.apache.commons.math3.optim.BaseOptimizer,False,,,,,compile failed (buggy): Command failed: defects4j compile -w work/Math_6,work/Math_6/src/test/java/org/apache/commons/math3/optim/BaseOptimizerTest.java,8664
Math,6,org.apache.commons.math3.optim.nonlinear.scalar.gradient.NonLinearConjugateGradientOptimizer,False,,,,,compile failed (buggy): Command failed: defects4j compile -w work/Math_6,work/Math_6/src/test/java/org/apache/commons/math3/optim/nonlinear/scalar/gradient/NonLinearConjugateGradientOptimizerTest.java,16390
Math,6,org.apache.commons.math3.optim.nonlinear.scalar.noderiv.CMAESOptimizer,False,,,,,compile failed (buggy): Command failed: defects4j compile -w work/Math_6,work/Math_6/src/test/java/org/apache/commons/math3/optim/nonlinear/scalar/noderiv/CMAESOptimizerTest.java,51862
Math,6,org.apache.commons.math3.optim.nonlinear.scalar.noderiv.PowellOptimizer,False,,,,,compile failed (buggy): Command failed: defects4j compile -w work/Math_6,work/Math_6/src/test/java/org/apache/commons/math3/optim/nonlinear/scalar/noderiv/PowellOptimizerTest.java,15902
Math,6,org.apache.commons.math3.optim.nonlinear.scalar.noderiv.SimplexOptimizer,False,,,,,compile failed (buggy): Command failed: defects4j compile -w work/Math_6,work/Math_6/src/test/java/org/apache/commons/math3/optim/nonlinear/scalar/noderiv/SimplexOptimizerTest.java,9705
Math,6,org.apache.commons.math3.optim.nonlinear.vector.jacobian.GaussNewtonOptimizer,False,,,,,compile failed (buggy): Command failed: defects4j compile -w work/Math_6,work/Math_6/src/test/java/org/apache/commons/math3/optim/nonlinear/vector/jacobian/GaussNewtonOptimizerTest.java,8312
Math,6,org.apache.commons.math3.optim.nonlinear.vector.jacobian.LevenbergMarquardtOptimizer,False,,,,,compile failed (buggy): Command failed: defects4j compile -w work/Math_6,work/Math_6/src/test/java/org/apache/commons/math3/optim/nonlinear/vector/jacobian/LevenbergMarquardtOptimizerTest.java,41625
Math,60,org.apache.commons.math.distribution.NormalDistributionImpl,True,"['     Lines covered: 41', '  Conditions total: 18', 'Conditions covered: 14', '     Line coverage: 87.2%', 'Condition coverage: 77.8%']",False,0,,,work/Math_60/src/test/java/org/apache/commons/math/distribution/NormalDistributionImplTest.java,9388
Math,61,org.apache.commons.math.distribution.PoissonDistributionImpl,True,"['     Lines covered: 34', '  Conditions total: 12', 'Conditions covered: 12', '     Line coverage: 100.0%', 'Condition coverage: 100.0%']",False,0,,,work/Math_61/src/test/java/org/apache/commons/math/distribution/PoissonDistributionImplTest.java,9630
Math,62,org.apache.commons.math.optimization.univariate.MultiStartUnivariateRealOptimizer,False,,,,,compile failed (buggy): Command failed: defects4j compile -w work/Math_62,work/Math_62/src/test/java/org/apache/commons/math/optimization/univariate/MultiStartUnivariateRealOptimizerTest.java,9536
Math,63,org.apache.commons.math.util.MathUtils,True,"['     Lines covered: 487', '  Conditions total: 441', 'Conditions covered: 399', '     Line coverage: 94.0%', 'Condition coverage: 90.5%']",False,4,5,,work/Math_63/src/test/java/org/apache/commons/math/util/MathUtilsTest.java,70167
Math,64,org.apache.commons.math.optimization.general.LevenbergMarquardtOptimizer,False,,,,,compile failed (buggy): Command failed: defects4j compile -w work/Math_64,work/Math_64/src/test/java/org/apache/commons/math/optimization/general/LevenbergMarquardtOptimizerTest.java,35988
Math,65,org.apache.commons.math.optimization.general.AbstractLeastSquaresOptimizer,False,,,,,compile failed (buggy): Command failed: defects4j compile -w work/Math_65,work/Math_65/src/test/java/org/apache/commons/math/optimization/general/AbstractLeastSquaresOptimizerTest.java,14549
Math,66,org.apache.commons.math.optimization.univariate.BrentOptimizer,False,,,,,compile failed (buggy): Command failed: defects4j compile -w work/Math_66,work/Math_66/src/test/java/org/apache/commons/math/optimization/univariate/BrentOptimizerTest.java,10036
Math,67,org.apache.commons.math.optimization.MultiStartUnivariateRealOptimizer,True,"['     Lines covered: 69', '  Conditions total: 34', 'Conditions covered: 27', '     Line coverage: 74.2%', 'Condition coverage: 79.4%']",False,4,4,,work/Math_67/src/test/java/org/apache/commons/math/optimization/MultiStartUnivariateRealOptimizerTest.java,13282
Math,68,org.apache.commons.math.optimization.general.LevenbergMarquardtOptimizer,False,,,,,compile failed (buggy): Command failed: defects4j compile -w work/Math_68,work/Math_68/src/test/java/org/apache/commons/math/optimization/general/LevenbergMarquardtOptimizerTest.java,35134
Math,69,org.apache.commons.math.stat.correlation.PearsonsCorrelation,False,,,,,compile failed (buggy): Command failed: defects4j compile -w work/Math_69,work/Math_69/src/test/java/org/apache/commons/math/stat/correlation/PearsonsCorrelationTest.java,12343
Math,7,org.apache.commons.math3.ode.AbstractIntegrator,False,,,,,compile failed (buggy): Command failed: defects4j compile -w work/Math_7,work/Math_7/src/test/java/org/apache/commons/math3/ode/AbstractIntegratorTest.java,18309
Math,70,org.apache.commons.math.analysis.solvers.BisectionSolver,True,"['     Lines covered: 23', '  Conditions total: 6', 'Conditions covered: 6', '     Line coverage: 100.0%', 'Condition coverage: 100.0%']",True,1,0,,work/Math_70/src/test/java/org/apache/commons/math/analysis/solvers/BisectionSolverTest.java,4736
Math,71,org.apache.commons.math.ode.nonstiff.EmbeddedRungeKuttaIntegrator,False,,,,,compile failed (buggy): Command failed: defects4j compile -w work/Math_71,work/Math_71/src/test/java/org/apache/commons/math/ode/nonstiff/EmbeddedRungeKuttaIntegratorTest.java,15961
Math,71,org.apache.commons.math.ode.nonstiff.RungeKuttaIntegrator,True,"['     Lines covered: 197', '  Conditions total: 98', 'Conditions covered: 96', '     Line coverage: 100.0%', 'Condition coverage: 98.0%']",False,0,,,work/Math_71/src/test/java/org/apache/commons/math/ode/nonstiff/RungeKuttaIntegratorTest.java,8772
Math,72,org.apache.commons.math.analysis.solvers.BrentSolver,True,"['     Lines covered: 101', '  Conditions total: 54', 'Conditions covered: 49', '     Line coverage: 94.4%', 'Condition coverage: 90.7%']",True,2,0,,work/Math_72/src/test/java/org/apache/commons/math/analysis/solvers/BrentSolverTest.java,13116
Math,73,org.apache.commons.math.analysis.solvers.BrentSolver,False,,,,,compile failed (buggy): Command failed: defects4j compile -w work/Math_73,work/Math_73/src/test/java/org/apache/commons/math/analysis/solvers/BrentSolverTest.java,12939
Math,74,org.apache.commons.math.ode.nonstiff.EmbeddedRungeKuttaIntegrator,True,"['     Lines covered: 121', '  Conditions total: 54', 'Conditions covered: 51', '     Line coverage: 99.2%', 'Condition coverage: 94.4%']",False,1,1,,work/Math_74/src/test/java/org/apache/commons/math/ode/nonstiff/EmbeddedRungeKuttaIntegratorTest.java,15430
Math,8,org.apache.commons.math3.distribution.DiscreteDistribution,True,"['     Lines covered: 39', '  Conditions total: 24', 'Conditions covered: 23', '     Line coverage: 97.5%', 'Condition coverage: 95.8%']",False,0,,,work/Math_8/src/test/java/org/apache/commons/math3/distribution/DiscreteDistributionTest.java,8300
Math,9,org.apache.commons.math3.geometry.euclidean.threed.Line,False,,,,,compile failed (buggy): Command failed: defects4j compile -w work/Math_9,work/Math_9/src/test/java/org/apache/commons/math3/geometry/euclidean/threed/LineTest.java,9479
Math,90,org.apache.commons.math.stat.Frequency,True,"['     Lines covered: 101', '  Conditions total: 32', 'Conditions covered: 28', '     Line coverage: 95.3%', 'Condition coverage: 87.5%']",False,1,1,,work/Math_90/src/test/org/apache/commons/math/stat/FrequencyTest.java,16543
Math,91,org.apache.commons.math.fraction.Fraction,True,"['     Lines covered: 149', '  Conditions total: 90', 'Conditions covered: 77', '     Line coverage: 91.4%', 'Condition coverage: 85.6%']",False,0,,,work/Math_91/src/test/org/apache/commons/math/fraction/FractionTest.java,21350
Math,92,org.apache.commons.math.util.MathUtils,True,"['     Lines covered: 224', '  Conditions total: 223', 'Conditions covered: 215', '     Line coverage: 97.0%', 'Condition coverage: 96.4%']",False,3,3,,work/Math_92/src/test/org/apache/commons/math/util/MathUtilsTest.java,40157
Math,93,org.apache.commons.math.util.MathUtils,True,"['     Lines covered: 216', '  Conditions total: 217', 'Conditions covered: 208', '     Line coverage: 95.6%', 'Condition coverage: 95.9%']",False,3,3,,work/Math_93/src/test/org/apache/commons/math/util/MathUtilsTest.java,38583
Math,94,org.apache.commons.math.util.MathUtils,True,"['     Lines covered: 191', '  Conditions total: 215', 'Conditions covered: 188', '     Line coverage: 84.9%', 'Condition coverage: 87.4%']",False,5,4,,work/Math_94/src/test/org/apache/commons/math/util/MathUtilsTest.java,38220
Math,95,org.apache.commons.math.distribution.FDistributionImpl,True,"['     Lines covered: 30', '  Conditions total: 10', 'Conditions covered: 10', '     Line coverage: 100.0%', 'Condition coverage: 100.0%']",False,1,1,,work/Math_95/src/test/org/apache/commons/math/distribution/FDistributionImplTest.java,8034
Math,96,org.apache.commons.math.complex.Complex,True,"['     Lines covered: 139', '  Conditions total: 102', 'Conditions covered: 94', '     Line coverage: 97.9%', 'Condition coverage: 92.2%']",False,0,,,work/Math_96/src/test/org/apache/commons/math/complex/ComplexTest.java,32289
Math,97,org.apache.commons.math.analysis.BrentSolver,True,"['     Lines covered: 88', '  Conditions total: 46', 'Conditions covered: 43', '     Line coverage: 98.9%', 'Condition coverage: 93.5%']",False,2,2,,work/Math_97/src/test/org/apache/commons/math/analysis/BrentSolverTest.java,11383
Math,98,org.apache.commons.math.linear.BigMatrixImpl,False,,,,,compile failed (buggy): Command failed: defects4j compile -w work/Math_98,work/Math_98/src/test/org/apache/commons/math/linear/BigMatrixImplTest.java,55233
Math,98,org.apache.commons.math.linear.RealMatrixImpl,False,,,,,compile failed (buggy): Command failed: defects4j compile -w work/Math_98,work/Math_98/src/test/org/apache/commons/math/linear/RealMatrixImplTest.java,44469
Math,99,org.apache.commons.math.util.MathUtils,True,"['     Lines covered: 231', '  Conditions total: 271', 'Conditions covered: 241', '     Line coverage: 85.9%', 'Condition coverage: 88.9%']",False,8,6,,work/Math_99/src/test/org/apache/commons/math/util/MathUtilsTest.java,43731
Mockito,1,org.mockito.internal.invocation.InvocationMatcher,False,,,,,compile failed (buggy): Command failed: defects4j compile -w work/Mockito_1,work/Mockito_1/test/org/mockito/internal/invocation/InvocationMatcherTest.java,8745
Mockito,10,org.mockito.internal.stubbing.defaultanswers.ReturnsDeepStubs,True,"['     Lines covered: 42', '  Conditions total: 8', 'Conditions covered: 8', '     Line coverage: 100.0%', 'Condition coverage: 100.0%']",False,0,,,work/Mockito_10/test/org/mockito/internal/stubbing/defaultanswers/ReturnsDeepStubsTest.java,8576
Mockito,11,org.mockito.internal.creation.DelegatingMethod,False,,,,,compile failed (buggy): Command failed: defects4j compile -w work/Mockito_11,work/Mockito_11/test/org/mockito/internal/creation/DelegatingMethodTest.java,3593
Mockito,12,org.mockito.internal.util.reflection.GenericMaster,True,"['     Lines covered: 6', '  Conditions total: 4', 'Conditions covered: 3', '     Line coverage: 100.0%', 'Condition coverage: 75.0%']",False,1,1,,work/Mockito_12/test/org/mockito/internal/util/reflection/GenericMasterTest.java,2841
Mockito,13,org.mockito.internal.MockHandler,False,,,,,compile failed (buggy): Command failed: defects4j compile -w work/Mockito_13,work/Mockito_13/test/org/mockito/internal/MockHandlerTest.java,7422
Mockito,14,org.mockito.internal.MockHandler,False,,,,,compile failed (buggy): Command failed: defects4j compile -w work/Mockito_14,work/Mockito_14/test/org/mockito/internal/MockHandlerTest.java,6884
Mockito,14,org.mockito.internal.MockitoCore,False,,,,,compile failed (buggy): Command failed: defects4j compile -w work/Mockito_14,work/Mockito_14/test/org/mockito/internal/MockitoCoreTest.java,7940
Mockito,15,org.mockito.internal.configuration.injection.FinalMockCandidateFilter,False,,,,,compile failed (buggy): Command failed: defects4j compile -w work/Mockito_15,work/Mockito_15/test/org/mockito/internal/configuration/injection/FinalMockCandidateFilterTest.java,3494
Mockito,16,org.mockito.internal.MockitoCore,False,,,,,compile failed (buggy): Command failed: defects4j compile -w work/Mockito_16,work/Mockito_16/test/org/mockito/internal/MockitoCoreTest.java,6919
Mockito,16,org.mockito.Mockito,False,,,,,compile failed (buggy): Command failed: defects4j compile -w work/Mockito_16,work/Mockito_16/test/org/mockito/MockitoTest.java,67112
Mockito,17,org.mockito.internal.creation.MockSettingsImpl,False,,,,,compile failed (buggy): Command failed: defects4j compile -w work/Mockito_17,work/Mockito_17/test/org/mockito/internal/creation/MockSettingsImplTest.java,4358
Mockito,17,org.mockito.internal.util.MockUtil,False,,,,,compile failed (buggy): Command failed: defects4j compile -w work/Mockito_17,work/Mockito_17/test/org/mockito/internal/util/MockUtilTest.java,5578
Mockito,18,org.mockito.internal.stubbing.defaultanswers.ReturnsEmptyValues,False,,,,,compile failed (buggy): Command failed: defects4j compile -w work/Mockito_18,work/Mockito_18/test/org/mockito/internal/stubbing/defaultanswers/ReturnsEmptyValuesTest.java,6800
Mockito,19,org.mockito.internal.configuration.injection.filter.FinalMockCandidateFilter,False,,,,,compile failed (buggy): Command failed: defects4j compile -w work/Mockito_19,work/Mockito_19/test/org/mockito/internal/configuration/injection/filter/FinalMockCandidateFilterTest.java,3865
Mockito,19,org.mockito.internal.configuration.injection.filter.MockCandidateFilter,False,,,,,compile failed (buggy): Command failed: defects4j compile -w work/Mockito_19,work/Mockito_19/test/org/mockito/internal/configuration/injection/filter/MockCandidateFilterTest.java,2561
Mockito,19,org.mockito.internal.configuration.injection.filter.NameBasedCandidateFilter,False,,,,,compile failed (buggy): Command failed: defects4j compile -w work/Mockito_19,work/Mockito_19/test/org/mockito/internal/configuration/injection/filter/NameBasedCandidateFilterTest.java,3581
Mockito,19,org.mockito.internal.configuration.injection.filter.TypeBasedCandidateFilter,False,,,,,compile failed (buggy): Command failed: defects4j compile -w work/Mockito_19,work/Mockito_19/test/org/mockito/internal/configuration/injection/filter/TypeBasedCandidateFilterTest.java,3049
Mockito,19,org.mockito.internal.configuration.injection.PropertyAndSetterInjection,False,,,,,compile failed (buggy): Command failed: defects4j compile -w work/Mockito_19,work/Mockito_19/test/org/mockito/internal/configuration/injection/PropertyAndSetterInjectionTest.java,7918
Mockito,2,org.mockito.internal.util.Timer,True,"['     Lines covered: 9', '  Conditions total: 6', 'Conditions covered: 3', '     Line coverage: 100.0%', 'Condition coverage: 50.0%']",False,1,2,,work/Mockito_2/test/org/mockito/internal/util/TimerTest.java,2614
Mockito,20,org.mockito.internal.creation.bytebuddy.ByteBuddyMockMaker,False,,,,,compile failed (buggy): Command failed: defects4j compile -w work/Mockito_20,work/Mockito_20/test/org/mockito/internal/creation/bytebuddy/ByteBuddyMockMakerTest.java,7518
Mockito,21,org.mockito.internal.creation.instance.ConstructorInstantiator,True,"['     Lines covered: 16', '  Conditions total: 2', 'Conditions covered: 2', '     Line coverage: 100.0%', 'Condition coverage: 100.0%']",False,0,,,work/Mockito_21/test/org/mockito/internal/creation/instance/ConstructorInstantiatorTest.java,3692
Mockito,22,org.mockito.internal.matchers.Equality,True,"['     Lines covered: 12', '  Conditions total: 24', 'Conditions covered: 24', '     Line coverage: 92.3%', 'Condition coverage: 100.0%']",False,1,1,,work/Mockito_22/test/org/mockito/internal/matchers/EqualityTest.java,3249
Mockito,23,org.mockito.internal.stubbing.defaultanswers.ReturnsDeepStubs,False,,,,,compile failed (buggy): Command failed: defects4j compile -w work/Mockito_23,work/Mockito_23/test/org/mockito/internal/stubbing/defaultanswers/ReturnsDeepStubsTest.java,7207
Mockito,24,org.mockito.internal.stubbing.defaultanswers.ReturnsEmptyValues,False,,,,,compile failed (buggy): Command failed: defects4j compile -w work/Mockito_24,work/Mockito_24/test/org/mockito/internal/stubbing/defaultanswers/ReturnsEmptyValuesTest.java,6704
Mockito,25,org.mockito.internal.stubbing.defaultanswers.ReturnsDeepStubs,False,,,,,compile failed (buggy): Command failed: defects4j compile -w work/Mockito_25,work/Mockito_25/test/org/mockito/internal/stubbing/defaultanswers/ReturnsDeepStubsTest.java,5714
Mockito,26,org.mockito.internal.util.Primitives,False,,,,,compile failed (buggy): Command failed: defects4j compile -w work/Mockito_26,work/Mockito_26/test/org/mockito/internal/util/PrimitivesTest.java,4556
Mockito,27,org.mockito.internal.util.MockUtil,True,"['     Lines covered: 41', '  Conditions total: 22', 'Conditions covered: 21', '     Line coverage: 97.6%', 'Condition coverage: 95.5%']",False,1,1,,work/Mockito_27/test/org/mockito/internal/util/MockUtilTest.java,6179
Mockito,28,org.mockito.internal.configuration.DefaultInjectionEngine,False,,,,,compile failed (buggy): Command failed: defects4j compile -w work/Mockito_28,work/Mockito_28/test/org/mockito/internal/configuration/DefaultInjectionEngineTest.java,6102
Mockito,29,org.mockito.internal.matchers.Same,True,"['     Lines covered: 15', '  Conditions total: 6', 'Conditions covered: 6', '     Line coverage: 100.0%', 'Condition coverage: 100.0%']",False,1,1,,work/Mockito_29/test/org/mockito/internal/matchers/SameTest.java,3133
Mockito,3,org.mockito.internal.invocation.InvocationMatcher,False,,,,,compile failed (buggy): Command failed: defects4j compile -w work/Mockito_3,work/Mockito_3/test/org/mockito/internal/invocation/InvocationMatcherTest.java,7561
Mockito,30,org.mockito.exceptions.Reporter,False,,,,,compile failed (buggy): Command failed: defects4j compile -w work/Mockito_30,work/Mockito_30/test/org/mockito/exceptions/ReporterTest.java,26627
Mockito,30,org.mockito.internal.stubbing.defaultanswers.ReturnsSmartNulls,False,,,,,compile failed (buggy): Command failed: defects4j compile -w work/Mockito_30,work/Mockito_30/test/org/mockito/internal/stubbing/defaultanswers/ReturnsSmartNullsTest.java,5186
Mockito,31,org.mockito.internal.stubbing.defaultanswers.ReturnsSmartNulls,False,,,,,compile failed (buggy): Command failed: defects4j compile -w work/Mockito_31,work/Mockito_31/test/org/mockito/internal/stubbing/defaultanswers/ReturnsSmartNullsTest.java,5056
Mockito,32,org.mockito.internal.configuration.SpyAnnotationEngine,False,,,,,compile failed (buggy): Command failed: defects4j compile -w work/Mockito_32,work/Mockito_32/test/org/mockito/internal/configuration/SpyAnnotationEngineTest.java,4855
Mockito,33,org.mockito.internal.invocation.InvocationMatcher,False,,,,,compile failed (buggy): Command failed: defects4j compile -w work/Mockito_33,work/Mockito_33/test/org/mockito/internal/invocation/InvocationMatcherTest.java,6329
Mockito,34,org.mockito.internal.invocation.InvocationMatcher,False,,,,,compile failed (buggy): Command failed: defects4j compile -w work/Mockito_34,work/Mockito_34/test/org/mockito/internal/invocation/InvocationMatcherTest.java,5695
Mockito,35,org.mockito.Matchers,False,,,,,compile failed (buggy): Command failed: defects4j compile -w work/Mockito_35,work/Mockito_35/test/org/mockito/MatchersTest.java,22737
Mockito,36,org.mockito.internal.invocation.Invocation,False,,,,,compile failed (buggy): Command failed: defects4j compile -w work/Mockito_36,work/Mockito_36/test/org/mockito/internal/invocation/InvocationTest.java,8821
Mockito,37,org.mockito.internal.stubbing.answers.AnswersValidator,False,,,,,compile failed (buggy): Command failed: defects4j compile -w work/Mockito_37,work/Mockito_37/test/org/mockito/internal/stubbing/answers/AnswersValidatorTest.java,4204
Mockito,38,org.mockito.internal.verification.argumentmatching.ArgumentMatchingTool,False,,,,,compile failed (buggy): Command failed: defects4j compile -w work/Mockito_38,work/Mockito_38/test/org/mockito/internal/verification/argumentmatching/ArgumentMatchingToolTest.java,3671
Mockito,4,org.mockito.exceptions.Reporter,False,,,,,compile failed (buggy): Command failed: defects4j compile -w work/Mockito_4,work/Mockito_4/test/org/mockito/exceptions/ReporterTest.java,40253
Mockito,5,org.mockito.internal.verification.VerificationOverTimeImpl,False,,,,,compile failed (buggy): Command failed: defects4j compile -w work/Mockito_5,work/Mockito_5/test/org/mockito/internal/verification/VerificationOverTimeImplTest.java,7979
Mockito,6,org.mockito.Matchers,True,"['     Lines covered: 54', '  Conditions total: 0', 'Conditions covered: 0', '     Line coverage: 98.2%', 'Condition coverage: 0.0%']",False,1,1,,work/Mockito_6/test/org/mockito/MatchersTest.java,31316
Mockito,7,org.mockito.internal.util.reflection.GenericMetadataSupport,False,,,,,compile failed (buggy): Command failed: defects4j compile -w work/Mockito_7,work/Mockito_7/test/org/mockito/internal/util/reflection/GenericMetadataSupportTest.java,26824
Mockito,8,org.mockito.internal.util.reflection.GenericMetadataSupport,False,,,,,compile failed (buggy): Command failed: defects4j compile -w work/Mockito_8,work/Mockito_8/test/org/mockito/internal/util/reflection/GenericMetadataSupportTest.java,26799
Mockito,9,org.mockito.internal.stubbing.answers.CallsRealMethods,False,,,,,compile failed (buggy): Command failed: defects4j compile -w work/Mockito_9,work/Mockito_9/test/org/mockito/internal/stubbing/answers/CallsRealMethodsTest.java,3741
Time,1,org.joda.time.field.UnsupportedDurationField,False,,,,,compile failed (buggy): Command failed: defects4j compile -w work/Time_1,work/Time_1/src/test/java/org/joda/time/field/UnsupportedDurationFieldTest.java,8376
Time,1,org.joda.time.Partial,False,,,,,compile failed (buggy): Command failed: defects4j compile -w work/Time_1,work/Time_1/src/test/java/org/joda/time/PartialTest.java,40431
Time,10,org.joda.time.base.BaseSingleFieldPeriod,False,,,,,compile failed (buggy): Command failed: defects4j compile -w work/Time_10,work/Time_10/src/test/java/org/joda/time/base/BaseSingleFieldPeriodTest.java,13905
Time,11,org.joda.time.tz.ZoneInfoCompiler,False,,,,,compile failed (buggy): Command failed: defects4j compile -w work/Time_11,work/Time_11/src/test/java/org/joda/time/tz/ZoneInfoCompilerTest.java,30844
Time,12,org.joda.time.LocalDate,False,,,,,compile failed (buggy): Command failed: defects4j compile -w work/Time_12,work/Time_12/src/test/java/org/joda/time/LocalDateTest.java,82042
Time,12,org.joda.time.LocalDateTime,False,,,,,compile failed (buggy): Command failed: defects4j compile -w work/Time_12,work/Time_12/src/test/java/org/joda/time/LocalDateTimeTest.java,89588
Time,13,org.joda.time.format.PeriodFormatterBuilder,True,"['     Lines covered: 584', '  Conditions total: 452', 'Conditions covered: 353', '     Line coverage: 86.9%', 'Condition coverage: 78.1%']",False,2,2,,work/Time_13/src/test/java/org/joda/time/format/PeriodFormatterBuilderTest.java,70084
Time,14,org.joda.time.chrono.BasicMonthOfYearDateTimeField,False,,,,,compile failed (buggy): Command failed: defects4j compile -w work/Time_14,work/Time_14/src/test/java/org/joda/time/chrono/BasicMonthOfYearDateTimeFieldTest.java,14899
Time,15,org.joda.time.field.FieldUtils,True,"['     Lines covered: 67', '  Conditions total: 70', 'Conditions covered: 57', '     Line coverage: 89.3%', 'Condition coverage: 81.4%']",False,1,1,,work/Time_15/src/test/java/org/joda/time/field/FieldUtilsTest.java,12680
Time,16,org.joda.time.format.DateTimeFormatter,False,,,,,compile failed (buggy): Command failed: defects4j compile -w work/Time_16,work/Time_16/src/test/java/org/joda/time/format/DateTimeFormatterTest.java,38551
Time,17,org.joda.time.DateTimeZone,True,"['     Lines covered: 317', '  Conditions total: 162', 'Conditions covered: 139', '     Line coverage: 92.4%', 'Condition coverage: 85.8%']",False,3,3,,work/Time_17/src/test/java/org/joda/time/DateTimeZoneTest.java,51494
Time,18,org.joda.time.chrono.GJChronology,False,,,,,compile failed (buggy): Command failed: defects4j compile -w work/Time_18,work/Time_18/src/test/java/org/joda/time/chrono/GJChronologyTest.java,44248
Time,19,org.joda.time.DateTimeZone,True,"['     Lines covered: 317', '  Conditions total: 162', 'Conditions covered: 139', '     Line coverage: 92.4%', 'Condition coverage: 85.8%']",False,4,4,,work/Time_19/src/test/java/org/joda/time/DateTimeZoneTest.java,50915
Time,2,org.joda.time.field.UnsupportedDurationField,True,"['     Lines covered: 273', '  Conditions total: 118', 'Conditions covered: 105', '     Line coverage: 91.9%', 'Condition coverage: 89.0%']",False,,,,work/Time_2/src/test/java/org/joda/time/field/UnsupportedDurationFieldTest.java,8301
Time,2,org.joda.time.Partial,False,,,,,compile failed (buggy): Command failed: defects4j compile -w work/Time_2,work/Time_2/src/test/java/org/joda/time/PartialTest.java,40344
Time,20,org.joda.time.format.DateTimeFormatterBuilder,True,"['     Lines covered: 773', '  Conditions total: 589', 'Conditions covered: 392', '     Line coverage: 74.8%', 'Condition coverage: 66.6%']",False,1,1,,work/Time_20/src/test/java/org/joda/time/format/DateTimeFormatterBuilderTest.java,105461
Time,22,org.joda.time.base.BasePeriod,True,"['     Lines covered: 171', '  Conditions total: 58', 'Conditions covered: 55', '     Line coverage: 100.0%', 'Condition coverage: 94.8%']",False,1,1,,work/Time_22/src/test/java/org/joda/time/base/BasePeriodTest.java,26253
Time,23,org.joda.time.DateTimeZone,True,"['     Lines covered: 316', '  Conditions total: 162', 'Conditions covered: 139', '     Line coverage: 92.4%', 'Condition coverage: 85.8%']",False,1,1,,work/Time_23/src/test/java/org/joda/time/DateTimeZoneTest.java,50898
Time,24,org.joda.time.format.DateTimeParserBucket,True,"['     Lines covered: 128', '  Conditions total: 64', 'Conditions covered: 54', '     Line coverage: 88.9%', 'Condition coverage: 84.4%']",False,0,,,work/Time_24/src/test/java/org/joda/time/format/DateTimeParserBucketTest.java,19433
Time,25,org.joda.time.DateTimeZone,False,,,,,compile failed (buggy): Command failed: defects4j compile -w work/Time_25,work/Time_25/src/test/java/org/joda/time/DateTimeZoneTest.java,49755
Time,26,org.joda.time.chrono.ZonedChronology,False,,,,,compile failed (buggy): Command failed: defects4j compile -w work/Time_26,work/Time_26/src/test/java/org/joda/time/chrono/ZonedChronologyTest.java,24599
Time,26,org.joda.time.DateTimeZone,False,,,,,compile failed (buggy): Command failed: defects4j compile -w work/Time_26,work/Time_26/src/test/java/org/joda/time/DateTimeZoneTest.java,49028
Time,26,org.joda.time.field.LenientDateTimeField,False,,,,,compile failed (buggy): Command failed: defects4j compile -w work/Time_26,work/Time_26/src/test/java/org/joda/time/field/LenientDateTimeFieldTest.java,3869
Time,27,org.joda.time.format.PeriodFormatterBuilder,True,"['     Lines covered: 583', '  Conditions total: 446', 'Conditions covered: 350', '     Line coverage: 87.0%', 'Condition coverage: 78.5%']",False,7,7,,work/Time_27/src/test/java/org/joda/time/format/PeriodFormatterBuilderTest.java,69864
Time,3,org.joda.time.MutableDateTime,False,,,,,compile failed (buggy): Command failed: defects4j compile -w work/Time_3,work/Time_3/src/test/java/org/joda/time/MutableDateTimeTest.java,52146
Time,4,org.joda.time.Partial,False,,,,,compile failed (buggy): Command failed: defects4j compile -w work/Time_4,work/Time_4/src/test/java/org/joda/time/PartialTest.java,40186
Time,5,org.joda.time.Period,False,,,,,compile failed (buggy): Command failed: defects4j compile -w work/Time_5,work/Time_5/src/test/java/org/joda/time/PeriodTest.java,72328
Time,6,org.joda.time.chrono.GJChronology,False,,,,,compile failed (buggy): Command failed: defects4j compile -w work/Time_6,work/Time_6/src/test/java/org/joda/time/chrono/GJChronologyTest.java,45482
Time,7,org.joda.time.format.DateTimeFormatter,False,,,,,compile failed (buggy): Command failed: defects4j compile -w work/Time_7,work/Time_7/src/test/java/org/joda/time/format/DateTimeFormatterTest.java,38847
Time,8,org.joda.time.DateTimeZone,False,,,,,compile failed (buggy): Command failed: defects4j compile -w work/Time_8,work/Time_8/src/test/java/org/joda/time/DateTimeZoneTest.java,52811
Time,9,org.joda.time.DateTimeZone,True,"['     Lines covered: 328', '  Conditions total: 170', 'Conditions covered: 148', '     Line coverage: 93.4%', 'Condition coverage: 87.1%']",False,,,,work/Time_9/src/test/java/org/joda/time/DateTimeZoneTest.java,51788
